Date,1. open,2. high,3. low,4. close,5. volume
2021-04-30,143.7,143.83,140.55,141.88,8872181.0
2021-05-03,143.81,145.75,143.55,144.75,5733463.0
2021-05-04,144.41,146.59,144.33,145.75,6350479.0
2021-05-05,145.94,145.94,144.97,145.22,4999900.0
2021-05-06,145.26,148.515,145.18,148.42,7503487.0
2021-05-07,145.92,146.14,144.57,145.46,7003467.0
2021-05-10,145.8,148.38,145.8,146.17,6983377.0
2021-05-11,144.99,145.19,142.9,144.22,7126404.0
2021-05-12,143.84,144.15,141.14,141.3,5959579.0
2021-05-13,141.45,144.9,141.28,144.17,4598920.0
2021-05-14,145.11,145.69,143.96,144.68,2747385.0
2021-05-17,144.44,145.8,144.33,145.11,4275172.0
2021-05-18,144.78,145.3,143.23,143.91,3824050.0
2021-05-19,142.32,143.2,140.92,143.19,4300732.0
2021-05-20,143.12,144.91,142.16,143.88,4112690.0
2021-05-21,144.28,145.699,144.28,144.74,4033482.0
2021-05-24,145.06,145.39,144.18,144.72,3297570.0
2021-05-25,144.92,145.0,143.2,143.79,3937323.0
2021-05-26,143.5,143.9894,143.04,143.38,3083789.0
2021-05-27,143.82,144.77,143.63,143.82,5630345.0
2021-05-28,144.21,144.33,143.485,143.74,2534811.0
2021-06-01,145.0,145.83,143.75,144.19,2417455.0
2021-06-02,144.62,145.75,144.11,145.72,2786916.0
2021-06-03,144.91,145.88,144.04,145.55,4130741.0
2021-06-04,146.0,147.55,145.76,147.42,3117905.0
2021-06-07,147.55,148.74,147.17,148.02,3462712.0
2021-06-08,148.12,150.2,148.12,149.07,5080099.0
2021-06-09,149.03,151.07,148.82,150.67,5303252.0
2021-06-10,151.47,152.84,149.76,150.54,4758488.0
2021-06-11,150.43,151.845,150.37,151.28,3438255.0
2021-06-14,150.71,151.03,148.655,150.03,3344845.0
2021-06-15,149.85,149.91,148.6,149.36,2513281.0
2021-06-16,149.76,149.76,147.22,147.83,3795420.0
2021-06-17,147.55,148.06,145.28,145.6,4367387.0
2021-06-18,144.48,144.68,143.04,143.12,9156505.0
2021-06-21,144.11,147.07,144.06,146.65,4285711.0
2021-06-22,146.52,146.81,145.35,146.36,2437121.0
2021-06-23,146.43,146.5,144.57,144.61,3202644.0
2021-06-24,145.8,146.19,144.69,145.44,3609679.0
2021-06-25,145.38,146.93,144.945,146.84,3594218.0
2021-06-28,147.01,147.3,144.9121,145.29,3888869.0
2021-06-29,145.26,146.74,145.1,145.55,2428626.0
2021-06-30,145.13,146.93,144.71,146.59,3245091.0
2021-07-01,146.96,147.5,146.57,146.84,2686289.0
2021-07-02,146.91,146.95,139.46,140.02,16828161.0
2021-07-06,139.99,140.42,137.1,138.78,8093747.0
2021-07-07,138.76,140.33,138.76,139.82,4059667.0
2021-07-08,137.78,141.31,137.66,140.74,5487425.0
2021-07-09,141.45,141.98,140.841,141.52,3904059.0
2021-07-12,141.43,141.9599,140.115,140.92,3342627.0
2021-07-13,140.92,140.92,139.63,140.28,3164294.0
2021-07-14,140.72,140.75,138.9273,139.82,4403752.0
2021-07-15,139.32,140.46,138.8005,140.45,3639698.0
2021-07-16,141.0,141.0,138.59,138.9,4109308.0
2021-07-19,136.45,138.49,136.2089,137.92,8582302.0
2021-07-20,143.0,144.92,138.7,139.97,13611675.0
2021-07-21,139.97,141.39,139.65,141.3,4803977.0
2021-07-22,141.66,141.81,140.41,140.71,3314153.0
2021-07-23,140.96,141.7,140.33,141.34,4474157.0
2021-07-26,141.39,143.0,141.13,142.77,4246266.0
2021-07-27,142.53,143.64,141.6,142.75,3137027.0
2021-07-28,143.01,143.1,141.64,141.77,2544099.0
2021-07-29,142.33,142.96,141.6,141.93,2657669.0
2021-07-30,141.52,141.85,140.79,140.96,3535555.0
2021-08-02,141.45,143.06,141.03,141.42,2929540.0
2021-08-03,141.9,144.7,141.65,144.07,4084724.0
2021-08-04,143.8,144.18,142.47,142.76,2830079.0
2021-08-05,143.03,143.41,142.22,142.77,2757389.0
2021-08-06,143.0,144.39,142.89,144.09,3826835.0
2021-08-09,142.2,142.495,140.97,141.25,4904065.0
2021-08-10,141.21,141.811,140.34,141.38,5299869.0
2021-08-11,141.78,142.7685,141.5,142.13,4259952.0
2021-08-12,142.26,143.15,142.0766,143.07,2089418.0
2021-08-13,142.64,143.58,142.44,143.18,1908951.0
2021-08-16,143.23,143.74,142.23,143.59,2786343.0
2021-08-17,143.0,143.16,141.09,142.42,3074078.0
2021-08-18,141.67,141.915,139.39,139.47,3510694.0
2021-08-19,138.69,139.45,137.21,138.02,4160129.0
2021-08-20,137.74,139.38,137.27,139.11,2657763.0
2021-08-23,139.62,140.15,138.8,139.62,3039587.0
2021-08-24,139.78,140.23,139.32,139.84,2365638.0
2021-08-25,139.92,140.8,139.46,139.86,2012817.0
2021-08-26,139.97,140.8,138.71,138.78,2498915.0
2021-08-27,138.71,139.585,138.4,139.41,2459643.0
2021-08-30,139.5,139.88,138.815,138.97,1995526.0
2021-08-31,139.54,140.94,138.95,140.34,4235101.0
2021-09-01,139.98,140.0699,139.19,139.3,2474544.0
2021-09-02,139.72,140.05,139.03,140.01,2715659.0
2021-09-03,139.68,140.47,139.3,139.58,1924215.0
2021-09-07,139.65,139.79,137.7614,138.06,3285363.0
2021-09-08,138.14,139.09,137.6,138.67,2985409.0
2021-09-09,137.85,138.96,137.555,137.74,3508363.0
2021-09-10,138.82,139.3699,137.0,137.02,3975115.0
2021-09-13,138.4,138.99,137.51,138.15,4144345.0
2021-09-14,138.4,138.57,135.34,136.22,4454291.0
2021-09-15,136.22,137.8,135.67,137.2,3254122.0
2021-09-16,137.28,137.95,135.71,136.43,2643975.0
2021-09-17,135.75,135.9199,135.05,135.23,5633480.0
2021-09-20,133.9,135.18,132.78,134.31,4770651.0
2021-09-21,135.11,135.65,132.94,132.97,4074528.0
2021-09-22,133.72,135.37,133.47,134.63,3602416.0
2021-09-23,135.25,137.42,135.03,136.73,3013238.0
2021-09-24,137.03,138.48,136.75,137.49,2964397.0
2021-09-27,137.96,139.065,137.48,138.56,3306865.0
2021-09-28,139.17,139.688,137.21,137.47,4314595.0
2021-09-29,137.73,139.93,136.44,139.18,3774236.0
2021-09-30,140.0,140.57,138.5,138.93,5824431.0
2021-10-01,141.0,143.97,140.37,143.32,6604064.0
2021-10-04,142.74,146.0,142.3501,144.11,7351128.0
2021-10-05,144.75,145.0,142.64,143.15,6976648.0
2021-10-06,142.48,143.37,140.89,142.36,5328433.0
2021-10-07,142.73,143.395,141.53,141.81,3823803.0
2021-10-08,141.81,143.65,141.05,143.22,3731279.0
2021-10-11,143.5,144.08,142.4,142.43,2793298.0
2021-10-12,142.21,142.3,140.3,140.47,3148559.0
2021-10-13,140.52,141.41,139.66,140.76,2880747.0
2021-10-14,141.04,143.92,141.01,143.39,4217305.0
2021-10-15,143.39,144.85,142.79,144.61,3222778.0
2021-10-18,144.0,144.94,141.759,142.32,6154055.0
2021-10-19,141.08,142.94,140.5201,141.98,4339548.0
2021-10-20,141.68,142.2,140.7,141.9,6189255.0
2021-10-21,133.51,133.72,128.1,128.33,31466529.0
2021-10-22,128.05,130.25,126.611,127.88,11582195.0
2021-10-25,127.53,128.65,126.94,127.64,6374038.0
2021-10-26,127.52,128.3,126.755,127.13,8520872.0
2021-10-27,127.44,127.88,125.01,125.17,6973432.0
2021-10-28,125.17,126.31,124.62,125.84,6503003.0
2021-10-29,125.43,126.32,124.91,125.1,5916789.0
2021-11-01,125.05,126.31,123.8375,126.28,5874767.0
2021-11-02,126.3,127.17,124.91,126.18,4496393.0
2021-11-03,126.23,127.29,125.68,127.13,5421406.0
2021-11-04,123.05,123.34,119.9,120.85,7208736.0
2021-11-05,121.43,123.77,121.43,123.61,6790478.0
2021-11-08,123.985,124.78,123.53,124.54,5625275.0
2021-11-09,122.56,122.9,120.26,120.85,7195453.0
2021-11-10,121.0,122.43,119.932,120.22,6268961.0
2021-11-11,120.9,121.7894,120.08,120.27,4643257.0
2021-11-12,120.0,120.64,118.78,118.96,5376966.0
2021-11-15,119.54,120.16,118.31,118.87,5046321.0
2021-11-16,118.92,119.9,118.42,118.46,4750760.0
2021-11-17,118.38,119.33,117.78,118.06,4043289.0
2021-11-18,118.36,118.36,116.31,116.66,5047879.0
2021-11-19,116.49,116.56,115.27,116.05,5384548.0
2021-11-22,116.0,118.81,115.19,116.47,6417218.0
2021-11-23,116.79,117.94,116.04,116.79,4914995.0
2021-11-24,116.16,117.27,116.08,116.73,3220802.0
2021-11-26,115.0,116.335,114.56,115.81,3322012.0
2021-11-29,118.62,119.61,117.53,118.5,8949795.0
2021-11-30,117.5,119.2399,116.45,117.1,9252701.0
2021-12-01,118.25,118.93,116.85,116.92,5959867.0
2021-12-02,117.37,117.98,116.56,116.9,5267149.0
2021-12-03,117.36,119.36,117.36,118.84,6630139.0
2021-12-06,119.4,121.15,119.4,119.91,4785560.0
2021-12-07,120.475,122.08,120.07,121.58,5193991.0
2021-12-08,122.0,123.38,121.52,123.02,5483948.0
2021-12-09,122.15,123.95,121.79,123.57,4601092.0
2021-12-10,124.3,125.33,123.36,124.09,4966921.0
2021-12-13,123.76,124.3554,120.79,122.58,6847468.0
2021-12-14,122.35,125.03,122.3,123.76,5716124.0
2021-12-15,123.8,124.815,122.18,123.11,4990028.0
2021-12-16,123.51,126.6399,123.475,125.93,7280537.0
2021-12-17,125.87,128.64,125.2093,127.4,10382693.0
2021-12-20,125.72,127.2,124.7,127.06,4941411.0
2021-12-21,127.66,129.3356,127.66,128.97,4855972.0
2021-12-22,129.06,129.79,127.6,129.75,3923198.0
2021-12-23,130.0,130.96,129.52,130.63,3649044.0
2021-12-27,130.63,131.65,129.95,131.62,4294499.0
2021-12-28,131.6,133.22,131.59,132.63,3447079.0
2021-12-29,132.4,134.21,132.3,133.35,4239935.0
2021-12-30,133.75,134.37,133.33,133.91,3158111.0
2021-12-31,134.0,134.99,133.61,133.66,3315313.0
2022-01-03,134.07,136.295,133.63,136.04,4610665.0
2022-01-04,136.1,139.95,135.9,138.02,7300011.0
2022-01-05,138.31,142.2,137.88,138.22,8956910.0
2022-01-06,138.2,138.4099,132.51,135.34,9908081.0
2022-01-07,134.9,135.6618,133.5111,134.83,5238099.0
2022-01-10,134.47,136.2,133.38,135.03,5432807.0
2022-01-11,130.52,133.25,127.97,132.87,11081210.0
2022-01-12,133.25,134.47,131.37,133.59,5352014.0
2022-01-13,133.9,136.05,133.56,134.76,4868349.0
2022-01-14,134.55,135.14,133.3,134.21,5310305.0
2022-01-18,132.95,133.89,131.78,132.94,5236258.0
2022-01-19,132.9,133.9,131.5,131.58,4099035.0
2022-01-20,131.26,132.88,130.5705,130.82,5278244.0
2022-01-21,131.65,131.87,129.27,129.35,5906950.0
2022-01-24,127.99,129.15,124.193,128.82,13777648.0
2022-01-25,129.14,137.3361,128.3,136.1,19715698.0
2022-01-26,136.47,137.07,133.13,134.26,8335992.0
2022-01-27,133.66,134.75,132.08,132.52,5499566.0
2022-01-28,133.19,134.53,131.79,134.5,5471497.0
2022-01-31,134.09,134.09,132.3,133.57,5859043.0
2022-02-01,133.76,135.96,132.5,135.53,6206448.0
2022-02-02,135.7,137.555,135.26,137.25,5357237.0
2022-02-03,137.0,138.76,135.831,137.78,6100777.0
2022-02-04,137.86,138.82,136.215,137.15,4142045.0
2022-02-07,137.45,137.8223,136.27,137.24,3759046.0
2022-02-08,137.23,137.52,135.78,137.02,4181825.0
2022-02-09,137.84,138.35,136.83,137.79,5393478.0
2022-02-10,135.47,136.56,133.17,133.52,5978640.0
2022-02-11,133.9,134.7099,132.38,132.69,4176155.0
2022-02-14,132.59,132.65,129.07,130.15,5345289.0
2022-02-15,130.64,131.68,129.61,129.94,4395714.0
2022-02-16,129.45,130.44,128.26,129.18,4875612.0
2022-02-17,128.05,128.5,124.85,124.97,6796997.0
2022-02-18,124.94,125.44,123.61,124.35,4609212.0
2022-02-22,124.2,125.0,122.68,123.92,5306688.0
2022-02-23,124.38,124.7,121.87,122.07,4086367.0
2022-02-24,120.0,122.1,118.81,121.97,6563202.0
2022-02-25,122.05,124.2625,121.45,124.18,4460904.0
2022-02-28,122.21,123.3851,121.0388,122.51,6757332.0
2022-03-01,122.67,123.39,120.7,121.35,4873331.0
2022-03-02,122.59,124.64,121.8,123.86,4891435.0
2022-03-03,124.96,126.665,124.2351,125.93,5206649.0
2022-03-04,124.4,127.35,124.2103,126.62,4402911.0
2022-03-07,126.47,127.905,125.62,126.07,5047358.0
2022-03-08,126.62,128.345,124.82,125.68,4887565.0
2022-03-09,127.41,128.1,125.91,126.22,4403499.0
2022-03-10,125.75,126.03,123.125,124.35,5326835.0
2022-03-11,125.0,126.77,123.91,123.96,4119630.0
2022-03-14,124.45,125.16,122.685,123.94,3289440.0
2022-03-15,124.0,125.9398,123.22,125.64,4021228.0
2022-03-16,126.5,127.2842,124.71,127.04,4292845.0
2022-03-17,127.1,128.29,126.53,127.96,3671903.0
2022-03-18,127.38,128.93,126.37,128.76,7400216.0
2022-03-21,129.0,129.74,127.4,128.1,3379393.0
2022-03-22,128.5,129.3,127.85,129.06,2649026.0
2022-03-23,129.08,129.32,128.25,128.3,2924535.0
2022-03-24,128.33,129.37,127.8,129.25,2971075.0
2022-03-25,129.5,131.4,129.31,131.35,3516923.0
2022-03-28,130.82,131.5,129.6,131.47,2483492.0
2022-03-29,132.04,132.84,130.43,131.94,5791032.0
2022-03-30,132.01,133.08,131.39,132.13,2622860.0
2022-03-31,130.72,131.88,130.0,130.02,4274029.0
2022-04-01,129.66,130.27,128.06,130.15,4012373.0
2022-04-04,130.26,130.45,128.93,130.27,2811100.0
2022-04-05,129.85,131.23,128.66,128.89,3102238.0
2022-04-06,127.78,129.515,127.25,129.39,3958057.0
2022-04-07,128.87,129.2499,126.73,128.55,3538317.0
2022-04-08,128.01,128.78,127.27,127.73,3143309.0
2022-04-11,127.95,128.175,126.18,126.37,3202545.0
2022-04-12,126.42,127.34,125.5835,125.98,2690998.0
2022-04-13,125.64,126.67,124.91,126.14,3064918.0
2022-04-14,128.93,130.58,126.38,126.56,6384180.0
2022-04-18,126.6,127.3899,125.53,126.17,4884150.0
2022-04-19,126.08,129.4,126.0,129.15,7971361.0
2022-04-20,135.0,139.56,133.38,138.32,17770306.0
2022-04-21,138.23,141.88,137.35,139.85,9922349.0
2022-04-22,139.7,140.4399,137.35,138.25,6508599.0
2022-04-25,137.59,139.65,135.19,139.1,5748289.0
2022-04-26,139.0,139.87,136.17,136.19,4887395.0
2022-04-27,135.78,137.12,134.63,135.06,4369052.0
2022-04-28,136.85,136.99,134.81,135.74,4477068.0
2022-04-29,135.13,135.5545,132.0,132.21,5078660.0
2022-05-02,133.0,133.77,130.89,133.04,4213477.0
2022-05-03,133.0,133.6,131.99,132.52,3688574.0
2022-05-04,132.87,137.87,132.14,137.4,5913705.0
2022-05-05,136.46,137.26,134.76,135.92,5957434.0
2022-05-06,135.47,137.99,135.47,137.67,7306396.0
2022-05-09,134.41,136.345,133.315,134.44,7647933.0
2022-05-10,135.0,135.41,128.43,129.13,8642398.0
2022-05-11,129.86,132.96,129.86,130.75,5301131.0
2022-05-12,131.27,133.62,130.41,132.9,5384809.0
2022-05-13,133.0,133.8,131.05,133.6,4195218.0
2022-05-16,133.1,136.51,132.41,135.03,4250395.0
2022-05-17,137.19,138.37,135.64,138.37,4372909.0
2022-05-18,137.1,137.615,132.17,132.94,6003015.0
2022-05-19,132.0,132.32,128.71,129.66,5819664.0
2022-05-20,130.18,130.37,125.8,128.48,6914458.0
2022-05-23,129.5,131.95,129.42,131.17,3591511.0
2022-05-24,130.57,134.37,130.42,133.8,4189723.0
2022-05-25,132.86,134.82,132.86,134.39,3299303.0
2022-05-26,135.0,137.55,134.52,136.89,3929338.0
2022-05-27,137.39,139.7394,137.24,139.27,4608215.0
2022-05-31,138.2,139.83,136.81,138.84,7978053.0
2022-06-01,139.67,140.4699,138.52,139.43,3796488.0
2022-06-02,139.45,140.29,136.85,140.15,3734812.0
2022-06-03,140.26,142.5794,139.74,141.18,4352213.0
2022-06-06,142.98,144.73,142.0,142.88,4767100.0
2022-06-07,142.6,142.98,140.96,142.78,2887051.0
2022-06-08,142.07,142.8,140.15,140.83,3005666.0
2022-06-09,140.15,141.04,137.93,137.96,3592551.0
2022-06-10,137.8,137.8,135.25,136.19,4661716.0
2022-06-13,133.97,137.57,133.76,135.11,6486044.0
2022-06-14,135.0,136.9501,134.86,135.72,4607785.0
2022-06-15,136.01,138.45,135.58,137.06,4606887.0
2022-06-16,135.3,136.24,134.39,135.67,5386396.0
2022-06-17,135.99,136.98,132.85,135.02,12968509.0
2022-06-21,135.9,138.5,135.9,137.85,4089272.0
2022-06-22,136.1,138.18,136.03,137.08,3791635.0
2022-06-23,137.14,138.62,136.5,138.44,4547925.0
2022-06-24,139.2,142.37,139.13,142.06,11493012.0
2022-06-27,142.26,143.83,141.95,142.8,3935968.0
2022-06-28,142.92,144.155,141.32,141.86,4065202.0
2022-06-29,142.74,143.5213,139.5,140.71,4161491.0
2022-06-30,139.58,142.46,139.28,141.19,4878020.0
2022-07-01,141.0,141.67,139.26,141.12,4012106.0
2022-07-05,139.97,139.97,135.27,137.62,6274067.0
2022-07-06,138.0,139.14,137.13,138.08,3237059.0
2022-07-07,138.91,141.325,138.83,140.83,3897077.0
2022-07-08,140.76,141.3203,139.82,140.47,2820928.0
2022-07-11,140.62,141.87,140.13,141.0,3912773.0
2022-07-12,140.84,141.55,138.565,139.18,3235571.0
2022-07-13,137.18,138.9,136.8,137.18,4123213.0
2022-07-14,135.6,139.43,135.02,139.06,5298351.0
2022-07-15,140.68,140.68,138.61,139.92,4519320.0
2022-07-18,140.15,140.31,137.7844,138.13,8231694.0
2022-07-19,131.58,132.56,127.72,130.88,29690535.0
2022-07-20,130.7,130.72,128.06,129.18,9882016.0
2022-07-21,128.75,128.81,125.13,127.15,11975361.0
2022-07-22,127.03,128.32,125.71,128.25,6467205.0
2022-07-25,128.44,129.1257,127.9,128.54,4702352.0
2022-07-26,128.26,129.3,127.63,128.08,3645313.0
2022-07-27,127.97,129.43,127.58,129.12,4175625.0
2022-07-28,128.75,129.81,128.606,129.22,3913680.0
2022-07-29,129.52,131.0,129.31,130.79,5786815.0
2022-08-01,130.75,132.7,130.7,132.04,4142099.0
2022-08-02,132.2,132.78,130.51,131.81,4403633.0
2022-08-03,131.82,132.862,131.32,132.34,3088532.0
2022-08-04,132.15,132.2866,131.02,131.64,3179789.0
2022-08-05,131.25,132.67,131.07,132.48,2586519.0
2022-08-08,133.1,133.35,132.02,132.61,3825145.0
2022-08-09,129.92,130.79,129.12,129.47,3495991.0
2022-08-10,130.75,131.78,130.34,131.5,3663995.0
2022-08-11,132.36,133.225,132.0,132.54,3501925.0
2022-08-12,132.62,134.09,131.98,134.01,2767054.0
2022-08-15,132.96,135.19,132.24,134.93,2791241.0
2022-08-16,134.6,137.37,134.4517,136.56,4313600.0
2022-08-17,136.46,138.415,136.3,137.79,3667568.0
2022-08-18,137.79,139.12,137.75,139.07,3177726.0
2022-08-19,138.75,139.34,137.66,138.37,3155842.0
2022-08-22,137.65,137.85,135.47,135.55,3093629.0
2022-08-23,135.37,136.1,134.72,134.74,4141798.0
2022-08-24,134.89,135.11,133.11,133.23,2855421.0
2022-08-25,133.65,134.425,133.07,133.98,2706005.0
2022-08-26,134.1,134.18,130.34,130.38,4185254.0
2022-08-29,129.99,131.42,129.57,130.31,2751308.0
2022-08-30,130.56,130.77,129.29,129.58,2407888.0
2022-08-31,129.92,130.0,128.4,128.45,3490380.0
2022-09-01,128.4,129.8173,127.74,129.66,3396219.0
2022-09-02,130.3,130.56,127.24,127.79,3040813.0
2022-09-06,127.8,128.06,126.3,126.72,3345343.0
2022-09-07,126.69,127.8667,126.28,127.71,2401513.0
2022-09-08,127.2,128.54,126.59,128.47,2964613.0
2022-09-09,128.9,129.49,128.06,129.19,3293365.0
2022-09-12,130.33,130.99,129.89,130.66,3741168.0
2022-09-13,129.14,129.909,126.7709,127.25,4565585.0
2022-09-14,127.5,129.0,126.845,127.69,3819067.0
2022-09-15,127.39,127.465,124.9,125.49,5141671.0
2022-09-16,124.36,127.53,123.83,127.27,9839696.0
2022-09-19,126.49,128.06,126.28,127.73,3981606.0
2022-09-20,126.9,126.99,125.52,126.3,2837485.0
2022-09-21,126.89,127.84,124.92,124.93,3389545.0
2022-09-22,124.76,126.51,124.41,125.31,4038335.0
2022-09-23,124.53,125.0,121.74,122.71,5195693.0
2022-09-26,122.3,124.26,121.75,122.01,3987817.0
2022-09-27,122.6,123.95,121.08,121.74,4117215.0
2022-09-28,121.65,123.23,119.81,122.76,4996378.0
2022-09-29,121.85,122.62,120.57,121.63,3817723.0
2022-09-30,121.66,122.43,118.61,118.81,5346108.0
2022-10-03,120.16,122.21,119.6,121.51,4261729.0
2022-10-04,122.8,125.65,122.52,125.5,4566055.0
2022-10-05,124.71,126.46,124.23,125.74,3212872.0
2022-10-06,124.88,125.3,121.77,122.23,5074624.0
2022-10-07,121.5,121.8016,118.07,118.82,4499672.0
2022-10-10,119.79,119.96,117.04,117.75,5990008.0
2022-10-11,117.46,119.23,116.94,117.8,4043265.0
2022-10-12,118.0,118.81,117.2,117.57,3338754.0
2022-10-13,116.1,122.15,115.545,121.79,5837645.0
2022-10-14,121.8,122.54,119.84,120.04,3763840.0
2022-10-17,121.8,122.875,121.43,121.52,5458585.0
2022-10-18,123.0,123.94,121.82,122.94,5120336.0
2022-10-19,122.36,123.94,121.9875,122.51,5906576.0
2022-10-20,126.25,128.96,125.15,128.3,13623115.0
2022-10-21,128.39,130.845,127.59,129.9,7201256.0
2022-10-24,130.9,133.11,129.85,132.69,5610914.0
2022-10-25,132.0,133.3,131.3,132.93,5957623.0
2022-10-26,133.72,135.863,132.81,135.01,5140023.0
2022-10-27,135.55,136.4,134.445,134.77,3993168.0
2022-10-28,135.56,138.8615,135.22,138.51,5965457.0
2022-10-31,138.06,138.7699,136.595,138.29,4915270.0
2022-11-01,138.25,138.65,136.7,138.2,3590607.0
2022-11-02,137.75,140.17,136.8,136.83,5365264.0
2022-11-03,136.42,136.48,133.97,134.47,4442443.0
2022-11-04,135.65,137.73,134.94,136.96,4177972.0
2022-11-07,136.64,138.7,136.51,138.34,4043062.0
2022-11-08,139.0,140.93,138.72,140.04,5042756.0
2022-11-09,137.95,138.9,136.94,137.39,4720007.0
2022-11-10,140.26,141.37,138.29,141.23,5389025.0
2022-11-11,141.5,144.13,140.96,143.17,5871264.0
2022-11-14,142.63,146.08,142.18,144.2,5245624.0
2022-11-15,144.08,146.1609,142.0,144.34,4727107.0
2022-11-16,144.13,144.95,144.0081,144.52,3445302.0
2022-11-17,143.41,146.18,143.25,146.09,3955162.0
2022-11-18,146.56,148.31,145.94,147.64,4661735.0
2022-11-21,147.55,147.928,146.45,146.68,3476208.0
2022-11-22,147.6,149.35,147.02,149.1,7062060.0
2022-11-23,149.1,150.46,148.3,148.75,3658459.0
2022-11-25,148.27,149.49,148.101,148.37,2075156.0
2022-11-28,147.98,148.24,145.935,146.18,3538696.0
2022-11-29,145.91,147.1668,145.7,146.49,2754744.0
2022-11-30,146.19,149.64,145.67,148.9,6377582.0
2022-12-01,149.98,150.01,147.34,149.16,4495924.0
2022-12-02,148.13,149.16,147.73,148.67,2899995.0
2022-12-05,147.94,148.93,146.8,147.41,2784767.0
2022-12-06,147.3,147.8,146.7,147.5,2847610.0
2022-12-07,147.33,148.105,146.29,147.27,3971285.0
2022-12-08,147.9,149.153,147.365,147.78,2665687.0
2022-12-09,147.4,148.34,146.97,147.05,3047581.0
2022-12-12,147.82,149.21,146.9426,149.21,4032780.0
2022-12-13,150.37,153.21,149.95,150.57,8811553.0
2022-12-14,150.47,151.91,148.45,149.86,4205878.0
2022-12-15,148.52,148.98,141.58,142.36,6687744.0
2022-12-16,141.25,141.915,138.97,140.16,9834427.0
2022-12-19,140.16,140.44,137.195,138.87,5282860.0
2022-12-20,138.84,141.425,138.34,141.28,5156450.0
2022-12-21,141.84,143.09,140.975,142.14,3793700.0
2022-12-22,140.95,141.44,138.62,140.88,3337851.0
2022-12-23,140.59,141.8565,139.6,141.65,2092715.0
2022-12-27,141.73,142.72,141.23,142.42,2742525.0
2022-12-28,142.4,142.81,139.95,140.02,2539577.0
2022-12-29,140.58,142.26,140.45,141.06,2337207.0
2022-12-30,140.54,140.9,139.45,140.89,2858110.0
2023-01-03,141.1,141.9,140.48,141.55,3338829.0
2023-01-04,142.07,143.615,141.3675,142.6,3869236.0
2023-01-05,142.44,142.498,140.01,141.11,2866648.0
2023-01-06,142.38,144.25,141.58,143.7,3574042.0
2023-01-09,144.08,145.47,143.4,143.55,3987782.0
2023-01-10,143.61,144.85,142.9,144.8,2152172.0
2023-01-11,145.0,145.53,143.45,145.26,3268738.0
2023-01-12,144.88,146.66,144.52,145.55,2716118.0
2023-01-13,144.06,146.1,144.01,145.89,2455786.0
2023-01-17,146.42,147.18,145.01,145.19,2986461.0
2023-01-18,144.4,144.678,140.225,140.41,6445642.0
2023-01-19,140.0,142.23,139.75,140.62,4833924.0
2023-01-20,141.67,141.86,140.51,141.2,7153341.0
2023-01-23,141.4,142.985,141.06,141.86,5898436.0
2023-01-24,141.25,142.75,140.0,141.49,4407622.0
2023-01-25,140.47,141.03,139.36,140.76,7347453.0
2023-01-26,137.53,138.27,132.98,134.45,17548483.0
2023-01-27,134.44,135.488,133.7701,134.39,8143146.0
2023-01-30,134.32,136.11,133.98,135.3,5375712.0
2023-01-31,135.5,135.65,133.76,134.73,7206448.0
2023-02-01,134.49,135.79,132.8,135.09,5428898.0
2023-02-02,135.96,136.72,134.85,136.39,6107793.0
2023-02-03,136.35,136.95,135.53,136.94,3755720.0
2023-02-06,135.83,136.32,134.95,136.18,4841300.0
2023-02-07,135.67,136.4,134.45,135.84,3737553.0
2023-02-08,135.71,136.74,135.16,135.98,4593748.0
2023-02-09,134.99,135.73,133.34,133.75,3918817.0
2023-02-10,133.78,135.77,133.5,135.6,5049571.0
2023-02-13,136.0,137.39,135.85,137.35,4403015.0
2023-02-14,137.05,137.24,135.05,136.01,3202172.0
2023-02-15,135.2,136.445,135.07,136.4,2507004.0
2023-02-16,135.57,135.9672,134.59,135.0,2965495.0
2023-02-17,134.5,135.58,133.89,135.02,3466184.0
2023-02-21,134.0,134.385,131.66,131.71,4257210.0
2023-02-22,131.9,131.99,130.29,130.97,3200185.0
2023-02-23,131.5,131.7,128.86,130.79,3725648.0
2023-02-24,129.62,130.67,129.22,130.57,3015907.0
2023-02-27,131.42,131.87,130.13,130.49,2761326.0
2023-02-28,130.55,130.61,129.14,129.3,5143133.0
2023-03-01,128.9,129.4726,127.74,128.19,3760678.0
2023-03-02,128.39,129.22,127.71,128.93,3340254.0
2023-03-03,129.35,129.905,128.77,129.64,2860286.0
2023-03-06,129.64,130.86,129.59,130.19,2982980.0
2023-03-07,130.28,130.42,128.19,128.25,3530439.0
2023-03-08,128.48,128.74,127.545,128.05,2778798.0
2023-03-09,128.3,128.53,125.98,126.16,5478317.0
2023-03-10,126.12,127.29,125.13,125.45,5990867.0
2023-03-13,125.15,128.19,124.85,125.58,8188369.0
2023-03-14,126.49,126.64,123.2,124.65,8114792.0
2023-03-15,122.99,123.35,121.71,123.28,5989339.0
2023-03-16,122.96,124.82,121.92,124.7,6440023.0
2023-03-17,124.08,124.52,122.93,123.69,37400167.0
2023-03-20,124.31,126.16,124.19,125.94,4588304.0
2023-03-21,126.9,127.15,125.66,126.57,3856345.0
2023-03-22,127.0,127.215,124.01,124.05,3549024.0
2023-03-23,123.81,124.93,122.6,123.37,4651936.0
2023-03-24,123.36,125.4,122.88,125.29,3812644.0
2023-03-27,126.47,130.255,126.47,129.31,6524113.0
2023-03-28,129.18,129.66,128.8,129.34,2889115.0
2023-03-29,130.12,130.35,129.18,129.71,3279846.0
2023-03-30,130.16,131.48,129.1,129.22,3561762.0
2023-03-31,129.47,131.23,129.42,131.09,4524686.0
2023-04-03,130.97,132.61,130.77,132.06,3840139.0
2023-04-04,131.99,132.1499,130.89,131.6,3382783.0
2023-04-05,131.37,132.61,131.37,132.14,2898759.0
2023-04-06,132.16,132.6,130.315,130.5,3050581.0
2023-04-10,129.83,131.08,129.24,131.03,2614402.0
2023-04-11,130.58,131.105,130.18,130.42,3132430.0
2023-04-12,130.4,130.8857,128.17,128.54,3957542.0
2023-04-13,128.01,128.39,126.0,127.9,5621512.0
2023-04-14,128.46,129.84,127.31,128.14,4180614.0
2023-04-17,128.3,128.72,126.8,127.82,3657929.0
2023-04-18,128.14,128.68,127.35,127.78,3193787.0
2023-04-19,126.5,126.98,125.3,126.32,7014368.0
2023-04-20,130.15,130.98,125.84,126.36,9749618.0
2023-04-21,126.0,126.7,125.27,125.73,6725426.0
2023-04-24,125.55,126.05,124.56,125.4,4043892.0
2023-04-25,124.9,126.19,124.76,125.89,4275396.0
2023-04-26,125.81,126.545,125.12,125.85,4058800.0
2023-04-27,126.37,127.02,125.455,126.97,3204889.0
2023-04-28,126.58,127.25,125.64,126.41,5061247.0
2023-05-01,126.35,126.75,126.06,126.09,2724992.0
2023-05-02,126.3,126.45,123.27,125.16,4445283.0
2023-05-03,125.46,125.57,123.26,123.45,4554212.0
2023-05-04,123.03,123.52,121.7563,122.57,4468237.0
2023-05-05,123.11,124.1,122.805,123.65,4971936.0
2023-05-08,123.76,123.92,122.55,123.4,3663818.0
2023-05-09,121.9,121.97,120.66,121.17,4540047.0
2023-05-10,121.99,122.49,121.1,122.02,4189222.0
2023-05-11,122.02,122.24,120.55,120.9,3446452.0
2023-05-12,121.41,122.86,121.11,122.84,4564825.0
2023-05-15,123.0,123.6881,122.34,123.36,2915725.0
2023-05-16,123.35,123.86,122.45,123.46,2749125.0
2023-05-17,123.94,125.85,123.47,125.71,4515134.0
2023-05-18,125.3,126.51,125.1894,126.15,3797883.0
2023-05-19,126.79,128.29,126.55,127.26,4306657.0
2023-05-22,127.5,128.19,127.15,127.5,2806770.0
2023-05-23,127.24,129.09,127.13,128.18,4592280.0
2023-05-24,127.82,127.9,125.47,125.68,3915505.0
2023-05-25,125.61,127.23,125.01,126.76,4102854.0
2023-05-26,127.06,129.66,126.81,128.89,5612570.0
2023-05-30,129.56,130.0699,128.26,129.48,3741050.0
2023-05-31,128.51,129.44,127.46,128.59,11086313.0
2023-06-01,128.44,130.145,127.78,129.82,4136086.0
2023-06-02,130.38,133.12,130.15,132.42,5375796.0
2023-06-05,133.12,133.58,132.27,132.64,3993516.0
2023-06-06,132.43,132.94,131.88,132.69,3297951.0
2023-06-07,132.5,134.44,132.19,134.38,5772024.0
2023-06-08,134.69,135.98,134.01,134.41,4128939.0
2023-06-09,134.36,136.1,134.17,135.3,3981748.0
2023-06-12,136.0,136.62,135.8216,136.42,4500120.0
2023-06-13,136.51,138.17,136.0,137.6,3927331.0
2023-06-14,137.8,138.93,136.94,137.2,4514888.0
2023-06-15,137.27,138.8,137.175,138.4,3812582.0
2023-06-16,139.23,139.469,137.47,137.48,7473676.0
2023-06-20,136.36,137.23,135.89,135.96,4272511.0
2023-06-21,135.11,135.39,133.29,133.69,5501272.0
2023-06-22,131.68,132.96,130.68,131.17,6013021.0
2023-06-23,130.4,130.62,129.18,129.43,11324705.0
2023-06-26,129.39,131.41,129.31,131.34,4845649.0
2023-06-27,131.3,132.95,130.83,132.34,3219909.0
2023-06-28,132.06,132.17,130.91,131.76,2753779.0
2023-06-29,131.75,134.35,131.69,134.06,3639836.0
2023-06-30,134.69,135.03,133.425,133.81,4236677.0
2023-07-03,133.42,134.35,132.87,133.67,1477149.0
2023-07-05,133.32,134.31,132.59,134.24,2955870.0
2023-07-06,133.235,133.9,131.55,132.16,3508083.0
2023-07-07,131.78,133.855,131.75,132.08,2982738.0
2023-07-10,131.76,133.05,131.695,132.9,2369425.0
2023-07-11,133.66,134.56,133.23,134.44,2925238.0
2023-07-12,135.07,135.33,132.575,132.84,3732189.0
2023-07-13,133.51,135.07,133.36,133.92,3221422.0
2023-07-14,133.91,133.92,132.94,133.4,2861496.0
2023-07-17,133.26,134.61,133.1,134.24,3168419.0
2023-07-18,134.71,135.95,134.29,135.36,3852058.0
2023-07-19,135.53,136.45,135.19,135.48,5519992.0
2023-07-20,137.19,140.32,136.56,138.38,10896330.0
2023-07-21,138.21,139.7799,137.76,138.94,5858741.0
2023-07-24,139.35,140.12,138.7788,139.54,3475442.0
2023-07-25,139.42,140.43,139.0403,140.33,3770813.0
2023-07-26,140.44,141.25,139.88,141.07,4046441.0
2023-07-27,142.3,143.38,141.9,142.97,6331563.0
2023-07-28,143.44,143.95,142.85,143.45,6686627.0
2023-07-31,143.81,144.605,143.53,144.18,6138902.0
2023-08-01,144.25,144.48,142.17,143.33,4798703.0
2023-08-02,142.78,144.3,142.31,144.17,4959381.0
2023-08-03,143.78,145.22,143.3116,144.45,3952640.0
2023-08-04,145.09,146.09,143.99,144.24,4223204.0
2023-08-07,145.0,146.5,144.93,146.18,3438654.0
2023-08-08,145.7,146.15,144.11,145.91,4654582.0
2023-08-09,144.94,144.94,142.3,142.49,4073038.0
2023-08-10,143.04,144.58,142.69,143.25,4735763.0
2023-08-11,143.12,143.45,142.205,143.12,2526433.0
2023-08-14,143.05,143.365,141.802,141.91,4226563.0
2023-08-15,141.5,142.31,141.2,141.87,3656559.0
2023-08-16,141.7,142.09,140.56,140.64,3285347.0
2023-08-17,141.01,142.66,140.6,140.66,3742058.0
2023-08-18,140.0,141.83,139.76,141.41,3915480.0
2023-08-21,141.42,142.39,141.11,142.28,2937781.0
2023-08-22,142.66,143.225,141.3,141.49,3557734.0
2023-08-23,141.72,143.475,141.58,143.41,2559083.0
2023-08-24,143.505,144.47,143.22,143.55,2900244.0
2023-08-25,144.18,145.47,143.5,145.35,3660147.0
2023-08-28,145.41,146.74,145.21,146.02,3561347.0
2023-08-29,146.3,146.73,145.62,146.45,2778113.0
2023-08-30,146.42,146.92,145.7452,146.86,2245402.0
2023-08-31,146.94,147.7275,146.54,146.83,3885949.0
2023-09-01,147.26,148.1,146.92,147.94,2727796.0
2023-09-05,147.91,149.0,147.5719,148.13,3731281.0
2023-09-06,147.66,148.33,147.12,148.06,2932203.0
2023-09-07,148.13,148.78,147.4,147.52,3333040.0
2023-09-08,147.35,148.59,147.26,147.68,3722927.0
2023-09-11,148.57,148.78,147.58,148.38,3273720.0
2023-09-12,147.92,148.0,145.8,146.3,4457695.0
2023-09-13,145.95,146.98,145.92,146.55,2627999.0
2023-09-14,147.38,147.73,146.48,147.35,2723200.0
2023-09-15,147.11,147.85,145.53,145.99,6234033.0
2023-09-18,145.77,146.48,145.06,145.09,2508062.0
2023-09-19,145.0,146.72,144.66,146.52,3945423.0
2023-09-20,148.36,151.9299,148.13,149.83,9636681.0
2023-09-21,149.0,149.25,147.31,147.38,4944786.0
2023-09-22,147.41,148.1,146.82,146.91,2562216.0
2023-09-25,146.57,147.43,146.25,146.48,2694245.0
2023-09-26,145.51,146.17,143.0201,143.24,4824654.0
2023-09-27,143.67,143.82,141.76,143.17,4439121.0
2023-09-28,142.14,142.282,140.205,141.58,5783422.0
2023-09-29,142.0,142.13,139.61,140.3,5703983.0
2023-10-02,140.04,141.45,139.86,140.8,3275461.0
2023-10-03,140.87,141.64,140.0,140.39,3284421.0
2023-10-04,140.37,141.2004,139.99,141.07,2637779.0
2023-10-05,140.9,141.7,140.19,141.52,3223910.0
2023-10-06,141.4,142.94,140.11,142.03,3511347.0
2023-10-09,142.3,142.4,140.68,142.2,2354396.0
2023-10-10,142.6,143.415,141.72,142.11,3015784.0
2023-10-11,142.51,143.34,142.14,143.23,2511459.0
2023-10-12,142.51,142.93,140.95,141.24,3921142.0
2023-10-13,139.77,140.12,138.27,138.46,4583553.0
2023-10-16,139.28,139.78,138.52,139.21,3361468.0
2023-10-17,137.12,140.62,136.31,140.32,4172822.0
2023-10-18,140.0,140.43,139.58,139.97,3329985.0
2023-10-19,138.64,139.405,137.93,138.01,5314159.0
2023-10-20,138.15,139.27,137.12,137.16,4865615.0
2023-10-23,136.63,137.68,135.87,136.38,3457527.0
2023-10-24,136.74,137.98,136.05,137.79,3697975.0
2023-10-25,137.5,138.49,136.33,137.08,6472549.0
2023-10-26,142.2,144.41,141.58,143.76,11130170.0
2023-10-27,143.62,144.7,141.71,142.52,5469227.0
2023-10-30,143.19,144.5,142.58,142.63,4204190.0
2023-10-31,143.0,144.76,142.59,144.64,6592041.0
2023-11-01,145.0,146.51,144.45,145.4,4750081.0
2023-11-02,145.77,147.1,144.84,147.01,3902657.0
2023-11-03,147.45,148.445,147.28,147.9,3510495.0
2023-11-06,147.89,149.225,147.85,148.97,4597249.0
2023-11-07,149.03,149.28,148.03,148.83,3549853.0
2023-11-08,149.25,149.68,147.585,148.03,3618588.0
2023-11-09,146.55,146.99,145.28,146.62,3412713.0
2023-11-10,147.44,149.17,146.85,149.02,3179541.0
2023-11-13,148.46,148.49,147.35,148.1,2647288.0
2023-11-14,149.45,150.8063,149.05,150.41,4321940.0
2023-11-15,150.4,153.22,150.4,152.58,4632519.0
2023-11-16,153.0,153.35,152.13,153.06,3519172.0
2023-11-17,153.29,153.5,152.4601,152.89,4426676.0
2023-11-20,152.51,154.68,152.35,154.35,3658936.0
2023-11-21,154.6,154.66,153.51,153.91,2859508.0
2023-11-22,154.5,155.705,154.16,155.13,3045091.0
2023-11-24,155.13,155.4,153.92,155.18,1799161.0
2023-11-27,154.99,156.135,154.75,155.57,4053093.0
2023-11-28,155.44,155.745,154.86,155.65,2666182.0
2023-11-29,156.15,157.51,156.02,156.41,3568887.0
2023-11-30,156.95,158.6,156.89,158.56,6740622.0
2023-12-01,158.41,160.59,158.0,160.55,4871860.0
2023-12-04,160.29,162.79,160.29,161.1,5779017.0
2023-12-05,160.76,162.47,160.72,161.39,4556668.0
2023-12-06,161.59,162.355,160.01,160.28,3356432.0
2023-12-07,161.0,161.465,159.97,160.22,3665498.0
2023-12-08,160.0,162.04,160.0,161.96,4561342.0
2023-12-11,162.68,163.65,161.95,163.51,6077207.0
2023-12-12,163.27,166.34,162.92,164.71,5292290.0
2023-12-13,164.37,164.9653,162.735,163.62,4989141.0
2023-12-14,162.93,163.499,160.149,162.91,6129804.0
2023-12-15,162.3,164.09,162.04,162.23,11016108.0
2023-12-18,162.23,163.33,161.5766,162.74,3677533.0
2023-12-19,161.8,162.28,161.32,161.56,3717429.0
2023-12-20,161.29,161.8,160.01,160.05,4865797.0
2023-12-21,160.59,161.08,159.53,160.78,2982924.0
2023-12-22,161.1,162.41,161.0,162.14,2442715.0
2023-12-26,162.23,163.31,162.05,163.21,1772443.0
2023-12-27,163.14,163.64,162.68,163.46,3006612.0
2023-12-28,163.96,163.96,163.4,163.75,2071313.0
2023-12-29,163.75,164.18,162.83,163.55,2526169.0
2024-01-02,162.83,163.29,160.46,161.5,3825044.0
2024-01-03,161.0,161.73,160.08,160.1,4086065.0
2024-01-04,160.22,161.81,160.17,160.86,3212004.0
2024-01-05,159.91,160.55,158.67,159.16,3698961.0
2024-01-08,158.69,161.216,157.885,161.14,3321698.0
2024-01-09,160.0,160.4837,159.51,160.08,2617186.0
2024-01-10,160.28,161.34,159.74,161.23,2967852.0
2024-01-11,161.02,162.23,160.29,162.16,3778395.0
2024-01-12,162.97,165.98,162.355,165.8,4958261.0
2024-01-16,165.8,167.25,165.34,166.96,4869635.0
2024-01-17,166.79,167.82,165.495,166.08,4288604.0
2024-01-18,166.49,166.99,165.04,166.84,3776990.0
2024-01-19,170.59,171.5791,169.18,171.48,6929079.0
2024-01-22,172.82,174.45,172.4,172.83,4925964.0
2024-01-23,172.9,174.02,172.48,173.94,3983461.0
2024-01-24,174.76,174.86,172.9,173.93,7831157.0
2024-01-25,184.96,196.9,184.83,190.43,29596239.0
2024-01-26,191.31,192.3896,186.16,187.42,9895941.0
2024-01-29,187.46,189.46,186.05,187.14,6107908.0
2024-01-30,187.71,188.65,186.77,187.87,4575058.0
2024-01-31,187.05,187.65,183.14,183.66,8876055.0
2024-02-01,183.63,187.51,182.71,186.9,4669444.0
2024-02-02,187.1,187.39,185.615,185.79,4055411.0
2024-02-05,185.51,185.78,183.255,183.42,4379602.0
2024-02-06,183.55,184.68,183.04,183.41,3338196.0
2024-02-07,183.34,184.02,182.625,183.74,4841188.0
2024-02-08,182.63,184.55,181.49,184.36,5161185.0
2024-02-09,184.44,187.18,183.85,186.34,5064641.0
2024-02-12,185.9,186.48,184.03,186.16,4724021.0
2024-02-13,184.28,184.77,182.36,183.7,4290453.0
2024-02-14,185.0,185.0,182.26,183.57,3173391.0
2024-02-15,183.62,186.98,183.62,186.87,4714301.0
2024-02-16,186.63,188.95,185.9452,187.64,4842840.0
2024-02-20,187.64,188.77,183.06,183.44,4247181.0
2024-02-21,182.56,183.03,178.75,179.7,4728473.0
2024-02-22,182.45,184.55,181.93,184.21,5078398.0
2024-02-23,184.9,186.455,184.57,185.72,3433800.0
2024-02-26,185.6,186.125,184.06,184.13,4620815.0
2024-02-27,184.16,185.13,182.62,184.87,3641378.0
2024-02-28,184.63,185.37,183.55,185.3,3216345.0
2024-02-29,186.15,186.8495,184.69,185.03,6458487.0
2024-03-01,185.49,188.38,185.18,188.2,4018354.0
2024-03-04,187.76,193.898,187.6,193.06,7938266.0
2024-03-05,192.0,193.94,190.57,191.95,5653641.0
2024-03-06,193.5,198.13,192.96,196.16,6945818.0
2024-03-07,197.58,198.73,196.14,196.54,4604458.0
2024-03-08,196.06,197.77,194.38,195.95,3943113.0
2024-03-11,195.09,195.38,190.88,191.73,4712688.0
